Metric,Value
Average Return,0.0008266844240649239
Maximum Return,0.09365157631375438
Minimum Return,-0.10958601444969539
Volatility,0.012790025188345638
