Metric,Value
Average Return,0.0008230171069875685
Maximum Return,0.09365155162738197
Minimum Return,-0.10958600263388596
Volatility,0.013252653156677703
